,SNo,Enrollment No.,Name,Section,020101
41,41.0,4114902021.0,STUTI BHATT,B,100
87,87.0,8714902021.0,SIDDHARTH JAIN,B,64
84,84.0,8414902021.0,SHEERSH JAISWAL,B,82
1,1.0,114902021.0,ADITYA TAMTA,B,83
27,27.0,2714902021.0,ANSH MALHOTRA,B,87
106,106.0,10614902021.0,ASHISH PATEL,B,87
26,26.0,2614902021.0,RAYMOND PAULALPIAK KHAUTE,B,88
77,77.0,7714902021.0,GAURAV NAYAL,B,89
79,79.0,7914902021.0,GEETANSH KUMAR,B,89
2,2.0,214902021.0,YUVRAJ SINGH,B,89
